[
  {
    "id": "2f67a4fc-4f45-4f03-bb8f-ca152adcd17a",
    "data": [
      {
        "text": "Apakah anak-anak atau remaja dapat terinfeksi covid",
        "userDefined": false
      }
    ],
    "isTemplate": false,
    "count": 0,
    "lang": "en",
    "updated": 0
  },
  {
    "id": "18ca22dd-313f-4676-9564-7a968838fe38",
    "data": [
      {
        "text": "Apakah anak-anak atau remaja dapat terinfeksi covid19",
        "userDefined": false
      }
    ],
    "isTemplate": false,
    "count": 0,
    "lang": "en",
    "updated": 0
  },
  {
    "id": "68131f55-bbaf-4b5e-9f21-f2bcfce2208a",
    "data": [
      {
        "text": "Apakah anak-anak atau remaja dapat terinfeksi COVID-",
        "userDefined": false
      },
      {
        "text": "19",
        "meta": "@sys.ignore",
        "userDefined": false
      },
      {
        "text": "?",
        "userDefined": false
      }
    ],
    "isTemplate": false,
    "count": 0,
    "lang": "en",
    "updated": 0
  }
]