[
  {
    "id": "40b6e038-2690-4671-8bf3-7646dd1164dd",
    "data": [
      {
        "text": "antibiotik mengobati covid",
        "userDefined": false
      }
    ],
    "isTemplate": false,
    "count": 0,
    "lang": "en",
    "updated": 0
  },
  {
    "id": "1d9f7bc0-28de-45ea-bd74-53d744408323",
    "data": [
      {
        "text": "antibiotik untuk pencegahan covid",
        "userDefined": false
      }
    ],
    "isTemplate": false,
    "count": 0,
    "lang": "en",
    "updated": 0
  },
  {
    "id": "900a8ba7-2e3e-42b8-98f0-228691154af8",
    "data": [
      {
        "text": "Apakah antibiotik efektif dalam mencegah atau mengobati COVID-",
        "userDefined": false
      },
      {
        "text": "19",
        "meta": "@sys.ignore",
        "userDefined": false
      },
      {
        "text": "?",
        "userDefined": false
      }
    ],
    "isTemplate": false,
    "count": 0,
    "lang": "en",
    "updated": 0
  },
  {
    "id": "5fa368cf-242e-460e-812e-6bb05ba4db46",
    "data": [
      {
        "text": "apakah antibiotik bisa untuk mencegah covid",
        "userDefined": false
      }
    ],
    "isTemplate": false,
    "count": 0,
    "lang": "en",
    "updated": 0
  },
  {
    "id": "7c95ae6f-4fb9-499f-b03c-9b7bb860662e",
    "data": [
      {
        "text": "apakah anti biotik bisa untuk mencegah covid",
        "userDefined": false
      }
    ],
    "isTemplate": false,
    "count": 0,
    "lang": "en",
    "updated": 0
  }
]