[
  {
    "id": "4bf3aba9-d37b-4d23-b19c-aac6ab392efb",
    "data": [
      {
        "text": "cara",
        "meta": "@sys.ignore",
        "userDefined": false
      },
      {
        "text": " belanja dengan aman",
        "userDefined": false
      }
    ],
    "isTemplate": false,
    "count": 0,
    "lang": "en",
    "updated": 0
  },
  {
    "id": "f6a16ecb-abf4-4dcf-8cbb-393602a33f33",
    "data": [
      {
        "text": "cara",
        "meta": "@sys.ignore",
        "userDefined": false
      },
      {
        "text": " belanja ",
        "userDefined": false
      },
      {
        "text": "aman",
        "meta": "@sys.ignore",
        "userDefined": false
      }
    ],
    "isTemplate": false,
    "count": 0,
    "lang": "en",
    "updated": 0
  },
  {
    "id": "3121bfbc-e8fe-451e-9075-fcf85695c710",
    "data": [
      {
        "text": "berbelanja ",
        "userDefined": false
      },
      {
        "text": "aman",
        "meta": "@sys.ignore",
        "userDefined": false
      }
    ],
    "isTemplate": false,
    "count": 0,
    "lang": "en",
    "updated": 0
  },
  {
    "id": "a08daa08-cb24-4705-8e62-7659ff382696",
    "data": [
      {
        "text": "berbelanja dengan aman",
        "userDefined": false
      }
    ],
    "isTemplate": false,
    "count": 0,
    "lang": "en",
    "updated": 0
  },
  {
    "id": "b9f66a17-3527-49b5-b530-fd6c9f8dbc36",
    "data": [
      {
        "text": "bagaimana cara berbelanja dengan aman",
        "userDefined": false
      }
    ],
    "isTemplate": false,
    "count": 0,
    "lang": "en",
    "updated": 0
  }
]