[
  {
    "id": "37bd3078-5092-4585-b44d-7e54302c32b3",
    "data": [
      {
        "text": "cara",
        "meta": "@sys.ignore",
        "userDefined": false
      },
      {
        "text": " memakai masker yang benar",
        "userDefined": false
      }
    ],
    "isTemplate": false,
    "count": 0,
    "lang": "en",
    "updated": 0
  },
  {
    "id": "42e969f2-c7cb-4b9e-9be3-8f934da4c33d",
    "data": [
      {
        "text": "cara",
        "meta": "@sys.ignore",
        "userDefined": false
      },
      {
        "text": " pakai masker yang benar",
        "userDefined": false
      }
    ],
    "isTemplate": false,
    "count": 0,
    "lang": "en",
    "updated": 0
  },
  {
    "id": "82be62b8-76c6-4597-aeae-49df881cc1b5",
    "data": [
      {
        "text": "cara",
        "meta": "@sys.ignore",
        "userDefined": false
      },
      {
        "text": " pakai masker",
        "userDefined": false
      }
    ],
    "isTemplate": false,
    "count": 0,
    "lang": "en",
    "updated": 0
  },
  {
    "id": "de0df98f-e0ea-4568-9f4f-3f94a2f3f117",
    "data": [
      {
        "text": "cara",
        "meta": "@sys.ignore",
        "userDefined": false
      },
      {
        "text": " memakai masker",
        "userDefined": false
      }
    ],
    "isTemplate": false,
    "count": 0,
    "lang": "en",
    "updated": 0
  }
]