[
  {
    "id": "57e9195e-2978-48f4-8187-1a9aed613045",
    "data": [
      {
        "text": "cuci sayur dan buah",
        "userDefined": false
      }
    ],
    "isTemplate": false,
    "count": 0,
    "lang": "en",
    "updated": 0
  },
  {
    "id": "016abb02-b221-4348-8abe-dd4f665640dc",
    "data": [
      {
        "text": "cuci sayur ",
        "userDefined": false
      },
      {
        "text": "yang baik",
        "meta": "@sys.ignore",
        "userDefined": false
      }
    ],
    "isTemplate": false,
    "count": 0,
    "lang": "en",
    "updated": 0
  },
  {
    "id": "241db9a3-8246-4332-a118-b196ced1669c",
    "data": [
      {
        "text": "cuci sayur yang benar",
        "userDefined": false
      }
    ],
    "isTemplate": false,
    "count": 0,
    "lang": "en",
    "updated": 0
  },
  {
    "id": "6bf7ba49-0802-40f6-ab04-9b0b705d07f6",
    "data": [
      {
        "text": "cuci buah ",
        "userDefined": false
      },
      {
        "text": "yang baik",
        "meta": "@sys.ignore",
        "userDefined": false
      }
    ],
    "isTemplate": false,
    "count": 0,
    "lang": "en",
    "updated": 0
  },
  {
    "id": "512ff3aa-daa3-4e13-8588-ab073485a110",
    "data": [
      {
        "text": "cuci buah yang benar",
        "userDefined": false
      }
    ],
    "isTemplate": false,
    "count": 0,
    "lang": "en",
    "updated": 0
  },
  {
    "id": "0166fcfd-df05-4dde-9db4-463e14be8aa6",
    "data": [
      {
        "text": "bagaimana ",
        "userDefined": false
      },
      {
        "text": "cara cuci",
        "meta": "@sys.ignore",
        "userDefined": false
      },
      {
        "text": " sayur",
        "userDefined": false
      }
    ],
    "isTemplate": false,
    "count": 0,
    "lang": "en",
    "updated": 0
  },
  {
    "id": "4ef731b4-ebe6-4016-908f-d4ab19d5f002",
    "data": [
      {
        "text": "bagaimana cara mencuci buah",
        "userDefined": false
      }
    ],
    "isTemplate": false,
    "count": 0,
    "lang": "en",
    "updated": 0
  }
]