[
  {
    "id": "4567282c-618f-4257-ad24-fbef6d56f1fc",
    "data": [
      {
        "text": "tanda-tanda covid",
        "userDefined": false
      }
    ],
    "isTemplate": false,
    "count": 0,
    "lang": "en",
    "updated": 0
  },
  {
    "id": "02395d07-dbf5-41cd-8be8-eaf89258854f",
    "data": [
      {
        "text": "tanda tanda",
        "meta": "@sys.ignore",
        "userDefined": false
      },
      {
        "text": " covid",
        "userDefined": false
      }
    ],
    "isTemplate": false,
    "count": 0,
    "lang": "en",
    "updated": 0
  },
  {
    "id": "b3a11e71-4da0-4f8c-959a-bc6074ac861a",
    "data": [
      {
        "text": "tanda covid",
        "userDefined": false
      }
    ],
    "isTemplate": false,
    "count": 0,
    "lang": "en",
    "updated": 0
  },
  {
    "id": "9710c5ec-38e7-431c-b93b-8e3daa70b500",
    "data": [
      {
        "text": "gejala covid",
        "userDefined": false
      }
    ],
    "isTemplate": false,
    "count": 0,
    "lang": "en",
    "updated": 0
  },
  {
    "id": "dcee7aee-b25d-465b-a16a-a54b422245dd",
    "data": [
      {
        "text": "tanda2",
        "meta": "@sys.ignore",
        "userDefined": true
      },
      {
        "text": " covid",
        "userDefined": false
      }
    ],
    "isTemplate": false,
    "count": 0,
    "lang": "en",
    "updated": 0
  }
]