[
  {
    "id": "562e25f0-d552-453d-ab9f-8afec80dfb7b",
    "data": [
      {
        "text": "info kasus covid",
        "userDefined": false
      }
    ],
    "isTemplate": false,
    "count": 0,
    "lang": "en",
    "updated": 0
  },
  {
    "id": "cf2574e8-ab73-486e-ac0a-709732d79439",
    "data": [
      {
        "text": "info covid",
        "userDefined": false
      }
    ],
    "isTemplate": false,
    "count": 0,
    "lang": "en",
    "updated": 0
  },
  {
    "id": "c123e867-c1e7-45e6-872f-a32a8c59c78c",
    "data": [
      {
        "text": "covid di indonesia",
        "userDefined": false
      }
    ],
    "isTemplate": false,
    "count": 0,
    "lang": "en",
    "updated": 0
  },
  {
    "id": "1b874735-c2c5-4566-a0b4-532032494715",
    "data": [
      {
        "text": "covid di indo",
        "userDefined": false
      }
    ],
    "isTemplate": false,
    "count": 0,
    "lang": "en",
    "updated": 0
  },
  {
    "id": "6c790876-bf59-4dfe-b70a-bed6243e40b2",
    "data": [
      {
        "text": "data covid hari ini",
        "userDefined": false
      }
    ],
    "isTemplate": false,
    "count": 0,
    "lang": "en",
    "updated": 0
  },
  {
    "id": "31c67726-2aeb-4e69-8f9f-276986224a67",
    "data": [
      {
        "text": "kasus covid ",
        "userDefined": false
      },
      {
        "text": "hari",
        "meta": "@sys.ignore",
        "userDefined": false
      },
      {
        "text": " ini",
        "userDefined": false
      }
    ],
    "isTemplate": false,
    "count": 0,
    "lang": "en",
    "updated": 0
  },
  {
    "id": "a4c5bcc1-aa97-44cd-a9b0-242dba55ce6b",
    "data": [
      {
        "text": "info covid ",
        "userDefined": false
      },
      {
        "text": "hari",
        "meta": "@sys.ignore",
        "userDefined": false
      },
      {
        "text": " ini",
        "userDefined": false
      }
    ],
    "isTemplate": false,
    "count": 0,
    "lang": "en",
    "updated": 0
  }
]