[
  {
    "id": "23aa42ca-ccee-4c04-8497-35cce854f2b4",
    "data": [
      {
        "text": "definisi isolasi mandiri",
        "userDefined": false
      }
    ],
    "isTemplate": false,
    "count": 0,
    "lang": "en",
    "updated": 0
  },
  {
    "id": "32af2a5d-f640-41c7-b27e-f14b3896f17a",
    "data": [
      {
        "text": "isolasi mandiri adalah",
        "userDefined": false
      }
    ],
    "isTemplate": false,
    "count": 0,
    "lang": "en",
    "updated": 0
  },
  {
    "id": "7dab2879-bc9a-453d-ac00-7e833ca4a0c6",
    "data": [
      {
        "text": "apa itu isolasi mandiri",
        "userDefined": false
      }
    ],
    "isTemplate": false,
    "count": 0,
    "lang": "en",
    "updated": 0
  },
  {
    "id": "4c578997-e3d1-4522-8cc0-2e0b6abdc403",
    "data": [
      {
        "text": "pengertian isolasi mandiri",
        "userDefined": false
      }
    ],
    "isTemplate": false,
    "count": 0,
    "lang": "en",
    "updated": 0
  }
]