[
  {
    "id": "ae14c08f-6939-4f03-9603-a9c7ab2afdae",
    "data": [
      {
        "text": "pengertian karantina mandiri",
        "userDefined": false
      }
    ],
    "isTemplate": false,
    "count": 0,
    "lang": "en",
    "updated": 0
  },
  {
    "id": "5515d427-c741-4740-ab02-c8efb4e18a1b",
    "data": [
      {
        "text": "definisi karantina mandiri",
        "userDefined": false
      }
    ],
    "isTemplate": false,
    "count": 0,
    "lang": "en",
    "updated": 0
  },
  {
    "id": "cfc87559-1f41-40ff-9c2a-3f4d42d89381",
    "data": [
      {
        "text": "karantina mandiri adalah",
        "userDefined": false
      }
    ],
    "isTemplate": false,
    "count": 0,
    "lang": "en",
    "updated": 0
  },
  {
    "id": "bae7d3e4-1ece-4e8f-90a7-ebd4f77f098c",
    "data": [
      {
        "text": "apa itu karantina mandiri",
        "userDefined": false
      }
    ],
    "isTemplate": false,
    "count": 0,
    "lang": "en",
    "updated": 0
  }
]