[
  {
    "id": "78b51e21-2f7b-4faa-9f38-3323a2b28119",
    "data": [
      {
        "text": "daftar keyword",
        "userDefined": false
      }
    ],
    "isTemplate": false,
    "count": 0,
    "lang": "en",
    "updated": 0
  },
  {
    "id": "86af25fd-fe62-42a9-a0c4-ec78f0f19cc9",
    "data": [
      {
        "text": "keyword",
        "userDefined": false
      }
    ],
    "isTemplate": false,
    "count": 0,
    "lang": "en",
    "updated": 0
  },
  {
    "id": "14f6face-8d02-4034-9f41-fbd7a2e425de",
    "data": [
      {
        "text": "list keyword",
        "userDefined": false
      }
    ],
    "isTemplate": false,
    "count": 0,
    "lang": "en",
    "updated": 0
  },
  {
    "id": "676b6f63-5268-4512-9fe3-4d5adeda0087",
    "data": [
      {
        "text": "/keyword",
        "userDefined": false
      }
    ],
    "isTemplate": false,
    "count": 0,
    "lang": "en",
    "updated": 0
  }
]