[
  {
    "id": "7313edfc-6494-4f53-b4db-5984c02861f3",
    "data": [
      {
        "text": "melindungi diri dari covid",
        "userDefined": false
      }
    ],
    "isTemplate": false,
    "count": 0,
    "lang": "en",
    "updated": 0
  },
  {
    "id": "1b81aa03-75fc-49c9-b84a-ba9a22a96452",
    "data": [
      {
        "text": "cara agar",
        "meta": "@sys.ignore",
        "userDefined": false
      },
      {
        "text": " terlindungi dari covid",
        "userDefined": false
      }
    ],
    "isTemplate": false,
    "count": 0,
    "lang": "en",
    "updated": 0
  },
  {
    "id": "49fa7cef-9d36-4912-af05-51fda811f310",
    "data": [
      {
        "text": "cara",
        "meta": "@sys.ignore",
        "userDefined": false
      },
      {
        "text": " menlindungi diri dari covid",
        "userDefined": false
      }
    ],
    "isTemplate": false,
    "count": 0,
    "lang": "en",
    "updated": 0
  }
]