[
  {
    "id": "05bd0c46-b8c5-40f7-86a8-4d3cb4125b39",
    "data": [
      {
        "text": "jaga jarak adalah",
        "userDefined": false
      }
    ],
    "isTemplate": false,
    "count": 0,
    "lang": "en",
    "updated": 0
  },
  {
    "id": "3cd468eb-51fb-4715-ac54-204da03defda",
    "data": [
      {
        "text": "definisi jaga jarak",
        "userDefined": false
      }
    ],
    "isTemplate": false,
    "count": 0,
    "lang": "en",
    "updated": 0
  },
  {
    "id": "028cdefc-f07d-404f-bd86-4b4e16d14d1c",
    "data": [
      {
        "text": "pengerian jaga jarak",
        "userDefined": false
      }
    ],
    "isTemplate": false,
    "count": 0,
    "lang": "en",
    "updated": 0
  },
  {
    "id": "779d780a-61ce-4277-a75c-304035c33107",
    "data": [
      {
        "text": "apa itu jaga jarak",
        "userDefined": false
      }
    ],
    "isTemplate": false,
    "count": 0,
    "lang": "en",
    "updated": 0
  },
  {
    "id": "870a63ab-feaf-4e1b-889b-19af3656c5a1",
    "data": [
      {
        "text": "pengertian menjaga jarak",
        "userDefined": false
      }
    ],
    "isTemplate": false,
    "count": 0,
    "lang": "en",
    "updated": 0
  },
  {
    "id": "7adf1922-8804-4ca8-8aba-bab738679579",
    "data": [
      {
        "text": "definisi menjaga jarak",
        "userDefined": false
      }
    ],
    "isTemplate": false,
    "count": 0,
    "lang": "en",
    "updated": 0
  },
  {
    "id": "cb0e850c-005e-44d5-bc76-458b20f20e0c",
    "data": [
      {
        "text": "menjaga jarak adalah",
        "userDefined": false
      }
    ],
    "isTemplate": false,
    "count": 0,
    "lang": "en",
    "updated": 0
  },
  {
    "id": "61e84a8d-ed36-41f0-a016-5ab9c735b2ea",
    "data": [
      {
        "text": "apa itu menjaga jarak",
        "userDefined": false
      }
    ],
    "isTemplate": false,
    "count": 0,
    "lang": "en",
    "updated": 0
  }
]