[
  {
    "id": "30d0ac26-00e9-48cc-bf37-e8337aad6067",
    "data": [
      {
        "text": "covid menyebar lewat kotoran",
        "userDefined": false
      }
    ],
    "isTemplate": false,
    "count": 0,
    "lang": "en",
    "updated": 0
  },
  {
    "id": "0b61a711-8778-42a6-9386-8e715f8cb305",
    "data": [
      {
        "text": "covid menular lewat kotoran",
        "userDefined": false
      }
    ],
    "isTemplate": false,
    "count": 0,
    "lang": "en",
    "updated": 0
  },
  {
    "id": "9cf6aa41-b0de-40d7-aa65-2665db15f342",
    "data": [
      {
        "text": "apakah covid menular lewat kotoran",
        "userDefined": false
      }
    ],
    "isTemplate": false,
    "count": 0,
    "lang": "en",
    "updated": 0
  }
]