[
  {
    "id": "66dd6312-207d-440c-8422-54bf033200dd",
    "data": [
      {
        "text": "definisi covid",
        "userDefined": false
      }
    ],
    "isTemplate": false,
    "count": 0,
    "lang": "en",
    "updated": 0
  },
  {
    "id": "0382e45c-64b6-4c01-b61e-1448c82f94cf",
    "data": [
      {
        "text": "beri saya info mengenai covid",
        "userDefined": false
      }
    ],
    "isTemplate": false,
    "count": 0,
    "lang": "en",
    "updated": 0
  },
  {
    "id": "02d0704a-cd82-495a-8709-eccf1f01cc97",
    "data": [
      {
        "text": "covid adalah",
        "meta": "@sys.ignore",
        "userDefined": true
      }
    ],
    "isTemplate": false,
    "count": 0,
    "lang": "en",
    "updated": 0
  },
  {
    "id": "54ccd822-b52d-43dc-840e-b3711b2c7486",
    "data": [
      {
        "text": "apa itu covid",
        "meta": "@sys.ignore",
        "userDefined": true
      }
    ],
    "isTemplate": false,
    "count": 0,
    "lang": "en",
    "updated": 0
  },
  {
    "id": "b31e7aac-449a-482c-b6de-c3269643442a",
    "data": [
      {
        "text": "pengertian",
        "meta": "@sys.ignore",
        "userDefined": true
      },
      {
        "text": " dari covid",
        "userDefined": false
      }
    ],
    "isTemplate": false,
    "count": 0,
    "lang": "en",
    "updated": 0
  },
  {
    "id": "abee017f-995f-4d03-8b7d-b85db83b0c44",
    "data": [
      {
        "text": "pengertian",
        "meta": "@sys.ignore",
        "userDefined": true
      },
      {
        "text": " covid",
        "userDefined": false
      }
    ],
    "isTemplate": false,
    "count": 0,
    "lang": "en",
    "updated": 0
  }
]