[
  {
    "id": "21bc017d-a55e-42e4-84b9-1a4449ff26f4",
    "data": [
      {
        "text": "bagaimana covid menyebar",
        "userDefined": false
      }
    ],
    "isTemplate": false,
    "count": 0,
    "lang": "en",
    "updated": 0
  },
  {
    "id": "9eeb7f5c-b811-4705-9ed3-291b4797d4ab",
    "data": [
      {
        "text": "bagaimana covid",
        "userDefined": false
      },
      {
        "text": "-19",
        "meta": "@sys.ignore",
        "userDefined": false
      },
      {
        "text": " menyebar",
        "userDefined": false
      }
    ],
    "isTemplate": false,
    "count": 0,
    "lang": "en",
    "updated": 0
  },
  {
    "id": "33186b8b-0439-4c5c-9745-dbcc69d2f24c",
    "data": [
      {
        "text": "penularan covid-",
        "userDefined": false
      },
      {
        "text": "19",
        "meta": "@sys.ignore",
        "userDefined": false
      }
    ],
    "isTemplate": false,
    "count": 0,
    "lang": "en",
    "updated": 0
  },
  {
    "id": "2ef23197-eed6-44c7-925d-a5a32f672558",
    "data": [
      {
        "text": "penularan covid 19",
        "userDefined": false
      }
    ],
    "isTemplate": false,
    "count": 0,
    "lang": "en",
    "updated": 0
  },
  {
    "id": "24619a29-4d80-454e-b624-c588bbb753f1",
    "data": [
      {
        "text": "penularan virus corona",
        "userDefined": false
      }
    ],
    "isTemplate": false,
    "count": 0,
    "lang": "en",
    "updated": 0
  },
  {
    "id": "6ab20346-4c26-4a4b-8aa7-15f08aadca6b",
    "data": [
      {
        "text": "virus ",
        "userDefined": false
      },
      {
        "text": "corona",
        "meta": "@sys.ignore",
        "userDefined": false
      },
      {
        "text": " menular",
        "userDefined": false
      }
    ],
    "isTemplate": false,
    "count": 0,
    "lang": "en",
    "updated": 0
  },
  {
    "id": "3031ddd2-bb39-4c43-b147-b9a243e9f551",
    "data": [
      {
        "text": "cara",
        "meta": "@sys.ignore",
        "userDefined": false
      },
      {
        "text": " virus ",
        "userDefined": false
      },
      {
        "text": "corona",
        "meta": "@sys.ignore",
        "userDefined": false
      },
      {
        "text": " menular",
        "userDefined": false
      }
    ],
    "isTemplate": false,
    "count": 0,
    "lang": "en",
    "updated": 0
  },
  {
    "id": "76e12d0a-bde7-4bb0-8875-1031deb1d65d",
    "data": [
      {
        "text": "bagaimana virus corona menular",
        "userDefined": false
      }
    ],
    "isTemplate": false,
    "count": 0,
    "lang": "en",
    "updated": 0
  }
]