[
  {
    "id": "5600f3eb-83f2-4916-a779-c6a5ff999a2e",
    "data": [
      {
        "text": "isolasi mandiri dan karantina mandiri",
        "userDefined": false
      }
    ],
    "isTemplate": false,
    "count": 0,
    "lang": "en",
    "updated": 0
  },
  {
    "id": "6d20503b-616f-4857-a4b6-eaf5c54ab651",
    "data": [
      {
        "text": "perbedaan isolasi mandiri dan karantina mandiri",
        "userDefined": false
      }
    ],
    "isTemplate": false,
    "count": 0,
    "lang": "en",
    "updated": 0
  },
  {
    "id": "5de07b33-3157-41cd-8f21-19666f3285f8",
    "data": [
      {
        "text": "Apa perbedaan antara isolasi mandiri, karantina mandiri, dan menjaga jarak fisik?",
        "userDefined": false
      }
    ],
    "isTemplate": false,
    "count": 0,
    "lang": "en",
    "updated": 0
  }
]