[
  {
    "id": "a6e66812-6146-4f1d-865c-ed258eceb928",
    "data": [
      {
        "text": "daya tahan",
        "meta": "@sys.ignore",
        "userDefined": false
      },
      {
        "text": " virus",
        "userDefined": false
      }
    ],
    "isTemplate": false,
    "count": 0,
    "lang": "en",
    "updated": 0
  },
  {
    "id": "a90e289f-90ac-4175-8da9-528b07191ca8",
    "data": [
      {
        "text": "virus bertahan",
        "userDefined": false
      }
    ],
    "isTemplate": false,
    "count": 0,
    "lang": "en",
    "updated": 0
  },
  {
    "id": "765a87c1-a205-4dc1-8f45-3e345c16eccc",
    "data": [
      {
        "text": "berapa lama virus bertahan",
        "userDefined": false
      }
    ],
    "isTemplate": false,
    "count": 0,
    "lang": "en",
    "updated": 0
  },
  {
    "id": "8312e45b-a214-480e-88d2-53ef150ee0bd",
    "data": [
      {
        "text": "virus di permukaan ",
        "userDefined": false
      },
      {
        "text": "benda",
        "meta": "@sys.ignore",
        "userDefined": false
      }
    ],
    "isTemplate": false,
    "count": 0,
    "lang": "en",
    "updated": 0
  }
]